{
  "mean_f1": 0.8536664408421107,
  "mean_precision": 0.8058933044364776,
  "mean_recall": 0.9609137955479938,
  "mean_inference_ms": 3.300402784083864,
  "n_models": 4702,
  "per_method": {
    "gnn_seed_expand": {
      "mean_f1": 0.8536664408421107,
      "mean_precision": 0.8058933044364776,
      "mean_recall": 0.9609137955479938,
      "mean_ms": 3.300402784083864,
      "n_models": 4702
    }
  }
}