{
  "brier_score": 0.21410430877703207,
  "ece": 0.24625897091722587,
  "n_predictions": 13410,
  "n_tp": 8972
}
