{
  "brier_score": 0.21991538960373494,
  "ece": 0.25222350261899334,
  "n_predictions": 8782,
  "n_tp": 6006
}
